{
  "title_ko": "부킹닷컴, '하이브리드 모듈형' AI 에이전트 전략으로 정확도 2배 달성: 업계에 주는 교훈",
  "summary": "부킹닷컴(Booking.com)은 AI 에이전트 개발 초기부터 하이브리드(하이브리드: 저렴하고 빠른 추론을 위한 여행 특화 소형 모델 + 추론을 위한 LLM) 및 모듈형 접근 방식을 채택했습니다. AI 제품 개발 리드인 Pranav Pathak은 맞춤형 필터링 및 툴 호출(Tool Call) 기반 상담 시스템 구축을 통해 핵심 업무의 정확도를 2배 높이고, 상담원 업무 부담을 1.5~1.7배 줄였다고 밝혔습니다. 회사는 기술적 한계와 고객 동의를 신중히 고려하며, 장기적인 '일방통행(One-way door)' 결정을 지양하고 유연성을 최우선으로 하는 전략을 구축하고 있습니다.",
  "zero_noise_score": 1.5,
  "impact_score": 3.09,
  "impact_evidence": {
    "entity": {
      "id": "TIER_3_GLOBAL_TECH",
      "weight": 2.5,
      "reasoning": "기사의 주요 주체는 AI 인프라를 보유하고 AI를 선도적으로 채택하고 있는 글로벌 빅테크 기업 중 하나인 Booking.com(부킹닷컴)이다. 이는 'TIER_3_GLOBAL_TECH'에 해당한다."
    },
    "events": [
      {
        "id": "BIZ_STRATEGY_SHIFT",
        "weight": 0.59,
        "reasoning": "AI 에이전트의 개발, 맞춤형 필터링 도입 등 핵심 제품 전략의 변경 및 대규모 조직 개편에 해당하는 내용이 언급되었다."
      }
    ]
  },
  "reasoning": "여행 플랫폼 기업의 실질적인 AI 에이전트 도입 전략과 성과를 깊이 있게 분석하고, 기술적 한계 및 업계의 고민을 투명하게 공개하여 높은 품질 점수를 획득했습니다. 다만, 주체가 Tier 3에 해당하고 사건 가중치가 크지 않아 파급력 점수는 보통 수준으로 평가됩니다.",
  "tags": [
    "AGENTS",
    "BIZ_STRATEGY",
    "WORK_IMPACT"
  ],
  "evidence": {
    "penalties": [],
    "credits": [
      {
        "id": "RESOURCE_ANALYSIS",
        "value": 3
      },
      {
        "id": "SELF_CRITICISM_OR_TRADE_OFF",
        "value": 1.5
      }
    ],
    "modifiers": []
  },
  "url": "https://venturebeat.com/ai/booking-coms-agent-strategy-disciplined-modular-and-already-delivering-2",
  "source_id": "venturebeat",
  "original_title": "Booking.com’s agent strategy: Disciplined, modular and already delivering 2× accuracy",
  "crawled_at": "2025-12-09T07:30:35.642920+00:00",
  "edition": "251209_TUE_1"
}