{
  "title_ko": "메타, 사우스캐롤라이나 AI 데이터센터에 100MW 태양광 발전소 구축: 친환경 전략과 전력 확보 가속",
  "summary": "메타(Meta)는 태양광 개발사 실리콘 랜치(Silicon Ranch)와 계약을 맺고 사우스캐롤라이나에 1억 달러 규모의 100메가와트(MW) 태양광 발전소를 건설합니다. 이 발전소는 8억 달러 규모의 신규 AI 데이터센터에 전력을 공급할 예정이며, 두 시설 모두 2027년에 가동을 목표로 하고 있습니다. 이는 메타의 탄소 중립 약속 이행과 함께 저렴하고 신속하게 전력을 확보하려는 전략적 움직임으로, 올해에만 2기가와트(GW) 이상의 태양광 발전 용량을 추가하는 등 재생 에너지 투자를 확대하고 있습니다.",
  "zero_noise_score": 5.0,
  "impact_score": 7.46,
  "impact_evidence": {
    "entity": {
      "id": "TIER_1_ECOSYSTEM_RULERS",
      "weight": 5,
      "reasoning": "기사의 핵심 주체는 Meta(메타)이며, 이는 AI 생태계의 지배자로 분류되는 TIER 1 ECOSYSTEM RULERS에 해당한다. 이는 메타의 AI 인프라 구축 및 핵심 전략에 대한 공식 발표이다."
    },
    "events": [
      {
        "id": "BIZ_STRATEGY_SHIFT",
        "weight": 0.59,
        "reasoning": "AI 데이터센터 구축 및 전력 공급을 위한 대규모 태양광 계약은 기업의 핵심 전략(인프라/에너지 확보) 변경 또는 확장에 해당한다."
      },
      {
        "id": "DAILY_UPDATE",
        "weight": 0.15,
        "reasoning": "메타의 지속적인 재생 에너지 확보 노력 및 이전 계약 내용을 언급하는 것은 일상적 시장 동향 보고 및 업데이트 성격도 포함하고 있다."
      }
    ]
  },
  "reasoning": "TIER 1 주체의 대규모 AI 인프라 및 에너지 전략 발표 기사로, Impact Score(IS)가 매우 높게 산출되었다. Quality Score(ZS)는 보도자료 톤(-2.5)이 감지되었으나, 구체적인 비용, 용량 등 리소스 정보(+3.0)가 이를 상쇄하여 중립 수준(5.0)으로 평가되었다.",
  "tags": [
    "BIZ_STRATEGY",
    "AI_CHIP",
    "GEN_AI"
  ],
  "evidence": {
    "penalties": [
      {
        "id": "PRESS_RELEASE_TONE",
        "value": 2.5
      }
    ],
    "credits": [
      {
        "id": "RESOURCE_ANALYSIS",
        "value": 3
      }
    ],
    "modifiers": []
  },
  "url": "https://techcrunch.com/2025/08/20/meta-to-add-100-mw-of-solar-power-from-u-s-gear/",
  "source_id": "techcrunch_ai",
  "original_title": "Meta to add 100MW of solar power from US gear | TechCrunch",
  "crawled_at": "2025-12-09T07:27:09.215708+00:00",
  "edition": "251209_TUE_1"
}