{
  "title_ko": "핵융합 연구시설 나주 선정: 한국 에너지 패러다임을 바꿀 국가 전략 자산 확보의 분기점",
  "summary": "과학기술정보통신부는 1조 2000억 원 규모의 '핵융합 핵심기술 및 첨단 인프라 구축사업' 우선협상 대상지로 전라남도 나주를 선정했습니다. 핵융합 에너지는 고효율, 탄소 제로의 차세대 청정에너지 핵심으로, AI 및 첨단 산업의 전력 수요 급증에 대응하는 국가 전략 자산으로 평가됩니다. 나주는 안정적인 지반, 한전 본사를 중심으로 한 전력 인프라, 한국에너지공과대학(KENTECH)을 포함한 산학연 생태계, 그리고 높은 주민 수용성 덕분에 높은 점수를 받았습니다. 이번 선정은 전남 지역에 '에너지-데이터-첨단소재' 메가클러스터를 형성하며 한국 에너지 지형을 근본적으로 재편할 중요한 출발점으로 기대를 모으고 있습니다.",
  "zero_noise_score": 3.0,
  "impact_score": 5.97,
  "impact_evidence": {
    "entity": {
      "id": "TIER_2_POLICY_BODIES",
      "weight": 3.5,
      "reasoning": "핵융합 연구시설 부지 선정은 과학기술정보통신부(정부 부처) 주도로 이루어진 1조 2000억 원 규모의 국가 핵심 프로젝트 결정이므로, 정책 결정 주체인 TIER 2 POLICY_BODIES(US Gov, EU Commission, UN, Major Regulatory bodies에 상응하는 한국 정부의 핵심 과학기술 정책 결정)로 분류한다."
    },
    "events": [
      {
        "id": "POLICY_OR_REGULATION",
        "weight": 1.47,
        "reasoning": "1조 2000억 원 규모의 핵융합 인공태양 연구시설 구축 사업은 국가 에너지 체계와 미래 산업에 근본적인 영향을 미치는 중대 정책 결정이자, 국가 전략 자산 확보에 대한 법적/정책적 선언이므로 POLICY_OR_REGULATION에 해당한다."
      },
      {
        "id": "BIZ_STRATEGY_SHIFT",
        "weight": 0.59,
        "reasoning": "이번 시설 유치로 인해 전남 지역에 '에너지-데이터-첨단소재' 메가클러스터 형성, 초전도·고진공 기술 중심의 전문 기업 유입 및 투자 확대 등 지역 산업 구조가 근본적으로 재편되는 결과를 초래할 것으로 분석되어 BIZ_STRATEGY_SHIFT를 적용한다."
      }
    ]
  },
  "reasoning": "정부 주도의 1조 2000억 원 규모 핵융합 시설 부지 선정은 국가 에너지 및 기술 패권과 직결된 중대 정책 결정(Impact 5.97)이다. 기사는 단순한 사실 보도를 넘어 나주 선정의 기술적(지반 안정성, 전력 인프라) 및 정책적(산학연 생태계) 합리성을 깊이 있게 분석하고(COMPARATIVE_EVALUATION +2.5), 핵융합의 에너지 트레이드오프(고효율, 탄소 제로) 및 지역 산업 재편 효과를 구체적으로 제시하여 높은 품질 점수(Quality V=7.0, ZS=3.0)를 획득했다.",
  "tags": [
    "BIZ_STRATEGY",
    "REGULATION",
    "AI_CHIP"
  ],
  "evidence": {
    "penalties": [],
    "credits": [
      {
        "id": "COMPARATIVE_EVALUATION",
        "value": 2.5
      },
      {
        "id": "POLICY_IMPACT_ANALYSIS",
        "value": 4
      },
      {
        "id": "RESOURCE_ANALYSIS",
        "value": 3
      }
    ],
    "modifiers": []
  },
  "url": "https://www.aitimes.com/news/articleView.html?idxno=204234",
  "source_id": "aitimes",
  "original_title": "인공태양의 나주 시대 개막…한국 에너지 지형 바꾸는 분기점",
  "crawled_at": "2025-12-09T06:58:39.648401+00:00",
  "edition": "251209_TUE_1"
}