{
  "title_ko": "트럼프 행정부, 엔비디아 H200 중국 수출 '25% 수수료 부과' 조건부 허용: 대중 AI 칩 통제 정책 중대 전환",
  "summary": "트럼프 미국 대통령은 고성능 AI 칩 **엔비디아 H200**의 중국 수출을 허용하되, **25%의 수수료(관세 형태)**를 부과할 것이라고 발표했습니다. 이는 엔비디아가 중국 내 수십억 달러 규모의 매출 기회를 회복하는 계기가 되었으며, 미·중 AI 칩 수출 통제 정책의 **중대한 전환점**으로 평가됩니다. 미국 정부는 이를 최신 **블랙웰 칩 판매는 금지**하면서 중국의 국내 칩 개발을 부추기는 상황을 피하기 위한 **'중간 해법'**으로 설명했습니다.",
  "zero_noise_score": 3.75,
  "impact_score": 6.88,
  "impact_evidence": {
    "entity": {
      "id": "TIER_2_POLICY_BODIES",
      "weight": 3.5,
      "reasoning": "기사의 주요 주체는 '트럼프 미국 대통령'과 '미국 정부'의 결정이며, 이는 'Major Regulatory bodies'에 해당하는 TIER_2_POLICY_BODIES로 분류된다. 트럼프의 결정은 개인 의견이 아닌 정책 결정의 발표이다."
    },
    "events": [
      {
        "id": "POLICY_OR_REGULATION",
        "weight": 1.47,
        "reasoning": "기사의 핵심 내용은 AI 칩의 중국 수출 허용 및 25% 수수료 부과라는 **정책적 결정**에 대한 것이다. 이는 AI 반도체 수출 통제 정책의 '중대한 전환'을 의미하므로, **업계 판도를 뒤집는 법적/정책적 결정**인 POLICY_OR_REGULATION에 해당한다."
      },
      {
        "id": "BIZ_STRATEGY_SHIFT",
        "weight": 0.59,
        "reasoning": "AI 칩 수출 통제 정책이 변경되면서 엔비디아(TIER_1_ECOSYSTEM_RULERS)와 같은 기업의 핵심 제품 전략 및 매출 규모에 **중대한 영향**을 미친다. 이는 BIZ_STRATEGY_SHIFT로 볼 수 있다."
      }
    ]
  },
  "reasoning": "미국 대통령의 **고성능 AI 칩 수출 정책 변경 발표**는 **TIER 2 정책 주체**의 **정책적 사건(POLICY_OR_REGULATION)**으로 높은 영향력 점수를 기록했다. 품질 면에서는 **정책의 구체적인 내용과 배경(중간 해법, 25% 수수료, 수수료 부과 방식, 반대 의견)**을 포함하고 있어 품질 가점을 얻었으나, **미래 예측성 표현('환영할 가능성이 높다', '지켜봐야 한다')**로 인해 일부 감점되었다. 전반적으로 **신속하고 심층적인 정책 분석 기사**에 가깝다.",
  "tags": [
    "REGULATION",
    "AI_CHIP",
    "BIZ_STRATEGY"
  ],
  "evidence": {
    "penalties": [
      {
        "id": "FUTURE_PROMISE_ONLY",
        "value": 0.6
      }
    ],
    "credits": [
      {
        "id": "POLICY_IMPACT_ANALYSIS",
        "value": 4
      },
      {
        "id": "SELF_CRITICISM_OR_TRADE_OFF",
        "value": 1.5
      },
      {
        "id": "ORIGINAL_DATA_SOURCE",
        "value": 1
      }
    ],
    "modifiers": []
  },
  "url": "https://www.aitimes.com/news/articleView.html?idxno=204629",
  "source_id": "aitimes",
  "original_title": "트럼프 &quot;중국에 엔비디아 H200 칩 수출 허용&quot;",
  "crawled_at": "2025-12-09T07:24:56.223177+00:00",
  "edition": "251209_TUE_1"
}