{
  "title_ko": "AI 데이터 센터 전력난 해법: 첨단 지열 발전, 2030년 신규 수요 3분의 2 충당 가능성 제기",
  "summary": "AI와 클라우드 서비스로 인한 데이터 센터 건설 급증으로 전력 부족 우려가 커지는 가운데, Rhodium Group 보고서는 첨단 지열 발전이 해결책이 될 수 있다고 제시했습니다.\n보고서에 따르면, 지열 발전은 2030년까지 신규 데이터 센터 전력 수요의 약 3분의 2를 공급할 수 있으며, 특히 미국 서부에서는 100% 충당 가능합니다.\nFervo Energy, Bedrock Energy, Quaise Energy 등 스타트업들은 석유·가스 기술을 활용하거나 혁신적인 시추 기술을 도입하여 지열 발전의 잠재력을 확장하고 있으며, 이는 데이터 센터의 현재 에너지 비용과 비슷하거나 더 낮은 수준의 경쟁력 있는 가격을 제공할 수 있습니다.",
  "zero_noise_score": 4.5,
  "impact_score": 3.47,
  "impact_evidence": {
    "entity": {
      "id": "TIER_Z_GENERAL_PARTICIPANT",
      "weight": 1,
      "reasoning": "기사의 핵심 내용은 Rhodium Group의 보고서 분석 및 Fervo Energy, Bedrock Energy, Quaise Energy 등 스타트업의 기술에 초점을 맞추고 있다. 이들은 TIER 1 또는 TIER 2에 해당하지 않는 일반 기업 및 연구팀으로 분류되어 TIER_Z_GENERAL_PARTICIPANT로 선정한다. (TIER 1 기업의 언급은 주도적인 공식 발표가 아닌, 기사의 배경/예시로만 사용되었다.)"
    },
    "events": [
      {
        "id": "ACADEMIC_COMPETITION_WIN",
        "weight": 0.74,
        "reasoning": "Rhodium Group의 분석 보고서를 기반으로, 지열 발전 기술의 잠재력과 SOTA 달성 가능성 및 혁신적인 기술 솔루션을 제시하고 있으므로, TIER Z 주체가 받을 수 있는 기술 성과 관련 Impact Event의 상한선인 ACADEMIC_COMPETITION_WIN을 선택한다."
      },
      {
        "id": "BIZ_STRATEGY_SHIFT",
        "weight": 0.59,
        "reasoning": "데이터 센터 전력난 해결을 위한 'Behind the Meter' 전략 및 지열 발전을 통한 입지 전략 변경 가능성 등 AI 산업 인프라 및 핵심 제품 전략 변화에 대한 논의를 포함한다."
      },
      {
        "id": "MAJOR_FUNDING_OR_ACQUISITION",
        "weight": 0.88,
        "reasoning": "Fervo Energy가 2024년에 2억 달러 이상의 대규모 자금 조달(Over $200 million)에 성공했다는 내용이 언급되었으므로, MAJOR_FUNDING_OR_ACQUISITION을 적용한다."
      }
    ]
  },
  "reasoning": "Rhodium Group 보고서의 구체적인 데이터를 기반으로 AI 데이터 센터의 전력난과 첨단 지열 발전의 해결책을 깊이 있게 분석하여 품질 점수가 높으며(ZS 낮음), 혁신적인 기술 스타트업의 대규모 자금 조달 및 기술적 잠재력 분석을 포함하여 중간 수준의 파급력 점수(IS 중간)를 획득했다.",
  "tags": [
    "AI_CHIP",
    "BIZ_STRATEGY",
    "GEN_AI"
  ],
  "evidence": {
    "penalties": [
      {
        "id": "PRESS_RELEASE_TONE",
        "value": 1.5
      }
    ],
    "credits": [
      {
        "id": "RESOURCE_ANALYSIS",
        "value": 3
      },
      {
        "id": "COMPARATIVE_EVALUATION",
        "value": 2.5
      },
      {
        "id": "ORIGINAL_DATA_SOURCE",
        "value": 1
      }
    ],
    "modifiers": []
  },
  "url": "https://techcrunch.com/2025/03/11/geothermal-could-power-nearly-all-new-data-centers-through-2030/",
  "source_id": "techcrunch_ai",
  "original_title": "Geothermal could power nearly all new data centers through 2030 | TechCrunch",
  "crawled_at": "2025-12-09T07:10:39.427874+00:00",
  "edition": "251209_TUE_1"
}