{
  "title_ko": "Anthropic의 코드 에이전트 'Claude Code', Slack 통합으로 엔지니어링 워크플로우에 깊숙이 침투",
  "summary": "Anthropic이 자사의 프로그래밍 에이전트 'Claude Code'를 Slack에 베타 통합하여 엔지니어가 메신저 플랫폼 내에서 코딩 작업을 위임할 수 있게 되었습니다. 이 통합을 통해 버그 보고서나 기능 요청 등의 Slack 메시지 문맥을 자동으로 활용하여 Claude Code 세션을 시작하고, 진행 상황을 다시 Slack에 업데이트하며, 최종적으로 Pull Request 링크를 제공합니다. 출시 6개월 만에 연간 10억 달러의 매출을 기록한 Claude Code의 빠른 성장은 Anthropic이 기업 워크플로우 통합에 큰 투자를 하고 있음을 보여줍니다.",
  "zero_noise_score": 3.7,
  "impact_score": 6.77,
  "impact_evidence": {
    "entity": {
      "id": "TIER_1_ECOSYSTEM_RULERS",
      "weight": 5,
      "reasoning": "기사의 주체는 Anthropic으로, 이는 'TIER 1 ECOSYSTEM RULERS'에 해당하며, Slack 통합이라는 핵심 제품 전략 변경 및 출시를 발표했다."
    },
    "events": [
      {
        "id": "BIZ_STRATEGY_SHIFT",
        "weight": 0.59,
        "reasoning": "Slack 통합은 AI 에이전트가 기업 워크플로우에 깊이 관여하는 형태로, 이는 핵심 제품 전략의 변경 및 확장에 해당한다."
      },
      {
        "id": "DAILY_UPDATE",
        "weight": 0.15,
        "reasoning": "Slack 통합 자체는 기존 Claude for Slack 통합에서 기능을 확장한 새로운 통합 출시이자, 데스크톱 앱 추가와 더불어 제품 확장 및 기능 개선에 해당한다."
      },
      {
        "id": "MAJOR_FUNDING_OR_ACQUISITION",
        "weight": 0.88,
        "reasoning": "Bun 인수에 대한 내용이 언급되어 있으며, 이는 전략적 인수합병 발표에 해당한다."
      }
    ]
  },
  "reasoning": "Tier 1 주체(Anthropic)의 주요 제품(Claude Code) 전략 확장 및 인수합병 소식을 다루어 높은 Impact Score를 기록했다. 품질 면에서는 내부 설문조사 데이터와 구체적인 수치(매출 10억 달러, 생산성 50% 향상 등)를 제시하고 기술적 한계 및 트레이드오프(기술 감퇴 우려, 동료 의존도 감소)를 명시하여 높은 Credit을 얻었으나, 전반적으로 보도자료 톤이 강하고(PRESS_RELEASE_TONE), 복잡한 기술 용어가 많아(JARGON_OVERLOAD_OR_OBSCURITY) 일부 감점 요인도 작용했다.",
  "tags": [
    "LLM",
    "AGENTS",
    "BIZ_STRATEGY"
  ],
  "evidence": {
    "penalties": [
      {
        "id": "PRESS_RELEASE_TONE",
        "value": 2.5
      },
      {
        "id": "JARGON_OVERLOAD_OR_OBSCURITY",
        "value": 1.5
      }
    ],
    "credits": [
      {
        "id": "RESOURCE_ANALYSIS",
        "value": 3
      },
      {
        "id": "SELF_CRITICISM_OR_TRADE_OFF",
        "value": 1.5
      }
    ],
    "modifiers": []
  },
  "url": "https://venturebeat.com/ai/anthropics-claude-code-can-now-read-your-slack-messages-and-write-code-for",
  "source_id": "venturebeat",
  "original_title": "Anthropic&apos;s Claude Code can now read your Slack messages and write code for you",
  "crawled_at": "2025-12-09T07:30:09.438610+00:00",
  "edition": "251209_TUE_1"
}