{
  "title_ko": "AI 기반 교통 단속 솔루션 'Obvio', 사생활 보호 강조하며 2,200만 달러 투자 유치",
  "summary": "샌 카를로스 기반 스타트업 Obvio가 AI 카메라를 활용한 정지 신호 및 교통 법규 위반 단속 솔루션을 개발했습니다. 이 회사는 감시(surveillance) 논란을 피하고자 데이터 공유 및 보존에 제한을 두는 방식으로 제품을 설계했으며, 최근 Bain Capital Ventures 주도 하에 2,200만 달러(약 290억 원) 규모의 시리즈 A 투자를 유치했습니다. Obvio는 미국 내 보행자 안전 문제 심화와 미흡한 단속 환경을 개선하는 것을 목표로 하며, 단속 수익을 지자체와 분배하는 비즈니스 모델을 가지고 있습니다.",
  "zero_noise_score": 3.0,
  "impact_score": 1.88,
  "impact_evidence": {
    "entity": {
      "id": "TIER_Z_GENERAL_PARTICIPANT",
      "weight": 1,
      "reasoning": "기사의 핵심 주체는 'Obvio'라는 San Carlos 기반의 스타트업이며, 이는 TIER 1~4에 해당하지 않는 일반 기업이므로 TIER_Z_GENERAL_PARTICIPANT(1.0)를 적용한다. 투자사인 Bain Capital Ventures는 주체가 아닌 관련 정보이다."
    },
    "events": [
      {
        "id": "MAJOR_FUNDING_OR_ACQUISITION",
        "weight": 0.88,
        "reasoning": "Obvio가 2,200만 달러 규모의 Series A 펀딩을 완료했다는 내용이 명확히 언급되어 있으므로 MAJOR_FUNDING_OR_ACQUISITION(0.88)을 적용한다. (단, 1B 이상은 아니지만, 스타트업에 대한 대규모 투자로 해석 가능하나, 엄격한 규칙 적용 시 $1B 미만이므로 논리적으로 DAILY_UPDATE가 더 정확할 수 있지만, ZND의 의도는 '중요한 재정 사건'을 포괄하는 것으로 보이므로 0.88을 적용하는 것이 합리적임. 그러나 규칙의 '($1B 이상)' 조건이 매우 엄격하므로, 해당 조건에 미달하여 'DAILY_UPDATE'로 분류하는 것이 절대 규칙에 충실하다. 따라서 $1B 미만이므로 DAILY_UPDATE로 변경한다.)"
      },
      {
        "id": "DAILY_UPDATE",
        "weight": 0.15,
        "reasoning": "2,200만 달러 투자는 $1B 미만이므로 MAJOR_FUNDING_OR_ACQUISITION 기준을 충족하지 않는다. 따라서, AI를 활용한 새로운 비즈니스 모델의 시장 진입 및 초기 성과(5개 도시 운영) 보고를 포함하여 일반적인 '시장 동향 보고' 및 '제품 업데이트'로 간주하여 DAILY_UPDATE(0.15)를 적용한다."
      }
    ]
  },
  "reasoning": "기사는 AI 기술을 활용한 새로운 비즈니스 모델(Obvio)의 투자 유치 및 제품 개발 현황을 다루고 있으며, 투명성(사생활 보호 강조, 기술적 한계 언급) 측면에서 가점을 받았으나, 홍보 자료의 톤(PRESS_RELEASE_TONE)이 강하게 감지되어 이에 따른 감점이 발생하여 최종 품질(ZS)은 3.0으로 산출되었다. Impact Score는 스타트업의 신규 비즈니스 모델과 $1B 미만의 펀딩으로 인해 TIER Z 및 DAILY_UPDATE에 근거하여 1.15로 계산된다. (최초 계산 $1.0 + 0.88 = 1.88$에서 $1.0 + 0.15 = 1.15$로 변경됨. $1B 미만이므로 DAILY_UPDATE만 적용. $1.0 + 0.15 = 1.15$) *최종 검토 후 ZND 시스템의 명시적 $1B 조건으로 인해 DAILY_UPDATE(0.15)만 인정함.* $1.0(\text{Entity}) + 0.15(\text{Event}) = 1.15$",
  "tags": [
    "BIZ_STRATEGY",
    "AI_ETHICS",
    "GEN_AI"
  ],
  "evidence": {
    "penalties": [
      {
        "id": "PRESS_RELEASE_TONE",
        "value": 2.5
      }
    ],
    "credits": [
      {
        "id": "SELF_CRITICISM_OR_TRADE_OFF",
        "value": 1.5
      }
    ],
    "modifiers": []
  },
  "url": "https://techcrunch.com/2025/06/04/obvios-stop-sign-cameras-use-ai-to-root-out-unsafe-drivers/",
  "source_id": "techcrunch_ai",
  "original_title": "Obvio’s stop sign cameras use AI to root out unsafe drivers | TechCrunch",
  "crawled_at": "2025-12-09T07:27:55.438115+00:00",
  "edition": "251209_TUE_1"
}