{
  "title_ko": "구글, AI 이미지 워터마크 'SynthID'를 제미나이 앱에 통합: 생성 콘텐츠 투명성 강화",
  "summary": "구글은 증가하는 생성형 미디어에 대응하여 AI 생성 또는 편집 이미지의 출처를 쉽게 확인할 수 있도록 디지털 워터마킹 기술인 'SynthID'를 제미나이(Gemini) 앱에 통합한다고 발표했습니다.\n사용자는 제미나이 앱에 이미지를 업로드하고 질문하는 것만으로 SynthID 워터마크 유무를 확인하여 구글 AI가 생성했는지 여부를 판별할 수 있습니다.\n이로써 구글은 2023년 SynthID 도입 이후 200억 개 이상의 AI 생성 콘텐츠에 워터마크를 적용한 데 이어, 일반 사용자 대상의 콘텐츠 투명성을 한층 더 높였습니다.",
  "zero_noise_score": 4.5,
  "impact_score": 5.59,
  "impact_evidence": {
    "entity": {
      "id": "TIER_1_ECOSYSTEM_RULERS",
      "weight": 5,
      "reasoning": "기사의 주체는 'Google'이며, 이는 AI 생태계 지배자인 TIER_1_ECOSYSTEM_RULERS에 해당한다. 구글의 공식적인 핵심 제품/전략 발표이므로 가중치를 적용한다."
    },
    "events": [
      {
        "id": "BIZ_STRATEGY_SHIFT",
        "weight": 0.59,
        "reasoning": "AI의 핵심 전략인 투명성/책임성(Transparency/Accountability) 확보를 위해 자체 기술(SynthID)을 핵심 제품(Gemini App)에 통합하는 중대한 전략 변화 발표로 판단된다."
      }
    ]
  },
  "reasoning": "AI 생태계 지배자인 구글의 주도적인 AI 투명성 강화 전략 발표(Impact Score 5.59)를 다루고 있으나, 기술적 한계나 트레이드오프에 대한 솔직한 언급이 부재하여(Credit 0.0) 품질(Quality)은 중립보다 약간 좋은 4.5로 평가되었다.",
  "tags": [
    "GEN_AI",
    "AI_ETHICS",
    "BIZ_STRATEGY"
  ],
  "evidence": {
    "penalties": [
      {
        "id": "PRESS_RELEASE_TONE",
        "value": 1.25
      },
      {
        "id": "SHALLOW_REPORTING",
        "value": 1
      }
    ],
    "credits": [
      {
        "id": "ETHICAL_FRAMEWORK_DEBATE",
        "value": 1.75
      }
    ],
    "modifiers": []
  },
  "url": "https://deepmind.google/blog/how-were-bringing-ai-image-verification-to-the-gemini-app/",
  "source_id": "deepmind",
  "original_title": "How we’re bringing AI image verification to the Gemini app",
  "crawled_at": "2025-12-09T07:45:27.168770+00:00",
  "edition": "251209_TUE_1"
}