{
  "title_ko": "유명 스트리머의 휴머노이드 로봇 폭행 사건: 잠재 수익 손실 포함 손해배상 소송 제기",
  "summary": "휴머노이드 로봇 인플루언서 '리즈봇(Rizzbot)'의 제작사가 라이브 방송 중 로봇을 폭행하여 전손 피해를 입힌 유명 스트리머 아이쇼스피드(IShowSpeed)를 상대로 손해배상 소송을 제기했다.\n소송은 로봇의 물리적 파손 피해뿐만 아니라, 콘텐츠 제작 중단으로 인한 틱톡, 인스타그램 조회수 급감과 고수익 협업 무산 등 잠재적 수익 손실까지 포함한 배상을 요구하고 있다.\n이번 사건은 로봇이 단순한 재산을 넘어 인간처럼 수익을 창출하는 경제적 주체로 간주될 수 있는지에 대한 법적 책임을 묻는 중요한 선례가 될 것으로 분석된다.",
  "zero_noise_score": 5.7,
  "impact_score": 4.09,
  "impact_evidence": {
    "entity": {
      "id": "TIER_Z_GENERAL_PARTICIPANT",
      "weight": 1,
      "reasoning": "기사의 주체는 로봇 제작사(소셜 로보틱스)와 인기 스트리머(IShowSpeed)이며, 모두 TIER 1~4에 해당하지 않는 일반 기업 및 개인으로 TIER Z로 분류한다."
    },
    "events": [
      {
        "id": "POLICY_OR_REGULATION",
        "weight": 1.47,
        "reasoning": "이번 소송은 로봇의 경제적 주체성을 강조하며 잠재적 수익까지 배상을 요구하고 있어, 향후 로봇 및 AI 관련 법적 책임과 손해배상 기준에 중대한 선례를 남길 가능성이 높으므로 정책/법적 결정에 준하는 영향력을 반영한다."
      },
      {
        "id": "DAILY_UPDATE",
        "weight": 0.15,
        "reasoning": "유명인의 사건 사고 및 사소한 이슈가 시장과 커뮤니티에 미치는 일상적 영향력을 반영한다."
      }
    ]
  },
  "reasoning": "인기 스트리머의 로봇 폭행 사건을 다루며, 이는 단순한 이슈를 넘어 로봇의 경제적 주체성과 법적 책임 범위를 묻는 중요한 선례(POLICY_OR_REGULATION)를 남길 가능성을 분석하여 높은 품질 가점(POLICY_IMPACT_ANALYSIS)을 부여했습니다. 다만, 자극적인 제목과 내용으로 인해 선정성 페널티(SENSATIONAL_TITLE)도 동시에 적용되었습니다.",
  "tags": [
    "AGENTS",
    "AI_ETHICS",
    "REGULATION"
  ],
  "evidence": {
    "penalties": [
      {
        "id": "SENSATIONAL_TITLE",
        "value": 4
      }
    ],
    "credits": [
      {
        "id": "POLICY_IMPACT_ANALYSIS",
        "value": 4
      },
      {
        "id": "SELF_CRITICISM_OR_TRADE_OFF",
        "value": 1.5
      }
    ],
    "modifiers": []
  },
  "url": "https://www.aitimes.com/news/articleView.html?idxno=204596",
  "source_id": "aitimes",
  "original_title": "인기 유튜버가 휴머노이드에 폭력 휘둘러 소송...&quot;잠재수익까지 배상해야&quot;",
  "crawled_at": "2025-12-09T07:01:02.272407+00:00",
  "edition": "251209_TUE_1"
}