{
  "title_ko": "소셜 빅데이터 6700만 건 분석, 뉴엔AI '소비자 인식 기반 식자재 가격 예측 모델' 개발",
  "summary": "AI 빅데이터 전문 기업 뉴엔AI가 2021년 1월부터 2025년 6월까지 6700만 건의 SNS 빅데이터를 분석하여 소비자 인식을 활용한 '식자재 가격 예측 모델'을 개발했습니다. 이 모델은 소비자의 레시피 식자재 언급량, 물가지수, 환율 등을 결합해 80% 이상의 높은 예측 정확도를 보이며 유통 및 식품 업계의 수급 전략 정교화에 활용될 것으로 기대됩니다. 또한, 리포트는 최근 외식/배달 감소 및 건강관리식단 중심의 '셀프플래닝 식생활' 트렌드 변화와 식재료 소비 패턴 변화를 분석했습니다.",
  "zero_noise_score": 6.5,
  "impact_score": 1.74,
  "impact_evidence": {
    "entity": {
      "id": "TIER_Z_GENERAL_PARTICIPANT",
      "weight": 1,
      "reasoning": "기사에서 중심적으로 다루는 주체는 AI 빅데이터 전문 기업인 '뉴엔AI'로, 이는 Tier 1~4에 해당하지 않는 일반 기업 및 스타트업에 해당하므로 TIER_Z_GENERAL_PARTICIPANT(1.0)를 적용한다."
    },
    "events": [
      {
        "id": "ACADEMIC_COMPETITION_WIN",
        "weight": 0.74,
        "reasoning": "TIER Z 주체인 뉴엔AI가 채소, 곡물, 축산물 등 주요 품목에서 80%가 넘는 예측 정확도를 보인 '식자재 가격 예측 모델'을 개발한 것은 학술적 SOTA 달성에 준하는 혁신적인 성과로 볼 수 있으므로 ACADEMIC_COMPETITION_WIN(0.74)를 적용한다. 이는 TIER Z 주체가 받을 수 있는 기술 성과 관련 Impact Event의 상한선이다."
      }
    ]
  },
  "reasoning": "AI 스타트업의 구체적인 기술 성과(80% 예측 정확도) 발표로 Impact Score는 중간 수준이며, '혁신', '선도' 등의 보도자료 톤이 강하게 감지되어 품질(Quality)이 하락하여 ZeroNoise Score가 다소 높게 산출되었다.",
  "tags": [
    "BIZ_STRATEGY",
    "GEN_AI",
    "WORK_IMPACT"
  ],
  "evidence": {
    "penalties": [
      {
        "id": "PRESS_RELEASE_TONE",
        "value": 2.5
      },
      {
        "id": "SHALLOW_REPORTING",
        "value": 2
      }
    ],
    "credits": [
      {
        "id": "RESOURCE_ANALYSIS",
        "value": 3
      },
      {
        "id": "SELF_CRITICISM_OR_TRADE_OFF",
        "value": 1.5
      }
    ],
    "modifiers": []
  },
  "url": "https://www.aitimes.com/news/articleView.html?idxno=204637",
  "source_id": "aitimes",
  "original_title": "뉴엔AI, 6700만 SNS 빅데이터로 ‘식자재 가격 예측’ 모델 개발",
  "crawled_at": "2025-12-09T07:24:28.946482+00:00",
  "edition": "251209_TUE_1"
}