{
  "title_ko": "전남도 농업 AX 플랫폼 1,150억 투자, '기술-데이터-수출' 통합 혁신과 실질적 과제 분석",
  "summary": "전라남도가 2026년 정부 예산에 1,150억 원 규모의 농업 AX(AI 전환) 플랫폼 연계 3대 사업(글로벌 비즈니스센터, 실증센터, AI 생육지원 데이터센터)을 반영시키며 미래 농산업 체계 구축을 본격화하고 있다.\n이 사업은 스마트농업 기술 개발부터 실증, 데이터 분석, 수출지원까지 하나의 흐름으로 묶는 전남형 혁신 구조를 목표로 하며, 특히 국내에 부족한 표준 생육 데이터 확보와 장비 성능 비교·경제성 분석 기능을 제공하는 것이 강점이다.\n다만, 실제 농가 체감도, AI 및 데이터 전문 인력 확보의 어려움, 기존 농업 관련 기관과의 역할 중복 해소 등 실행 단계에서 해결해야 할 구체적인 과제들이 분명하게 지적되고 있다.",
  "zero_noise_score": 2.5,
  "impact_score": 5.46,
  "impact_evidence": {
    "entity": {
      "id": "TIER_2_POLICY_BODIES",
      "weight": 3.5,
      "reasoning": "기사의 주체는 지방 정부인 전라남도로, 중앙 정부 주도의 정책은 아니지만, 지자체가 주도하는 대규모 산업 정책 및 예산 집행에 해당하므로 TIER 2(정책 기관)로 분류한다."
    },
    "events": [
      {
        "id": "POLICY_OR_REGULATION",
        "weight": 1.47,
        "reasoning": "전남도가 2026년 정부 예산에 1,150억 원 규모의 3대 사업을 반영시켜 농업 AX 플랫폼을 본격화하는 것은 지방정부 차원의 대규모 정책적 결정으로, 업계 판도에 영향을 미치는 주요 정책 발표로 간주한다."
      },
      {
        "id": "BIZ_STRATEGY_SHIFT",
        "weight": 0.49,
        "reasoning": "농업 AX 플랫폼 구축은 단순한 기술 도입을 넘어 기술-데이터-시장(수출)을 통합하는 '전남형 농업 혁신 구조'를 마련하려는 대규모 산업 전략의 변화이다. (단, POLICY_OR_REGULATION이 적용되었으므로 중복성 회피를 위해 event_weights의 절반 값인 0.59 대신 0.49를 적용하여 가중치 합을 10.0 이하로 조정)"
      }
    ]
  },
  "reasoning": "지방 정부 주도의 1,150억 원 규모 농업 AX 플랫폼 구축 계획은 높은 정책적 파급력(TIER 2 + POLICY_OR_REGULATION)을 갖습니다. 기사 내용이 단순히 정책을 나열하는 데 그치지 않고, 사업의 강점뿐만 아니라 농가 체감도, 인력, 역할 중복 등의 구체적인 과제와 트레이드오프를 심층적으로 분석하여 품질(Transparency, Depth) 가점을 높게 받았습니다.",
  "tags": [
    "BIZ_STRATEGY",
    "WORK_IMPACT",
    "GEN_AI"
  ],
  "evidence": {
    "penalties": [
      {
        "id": "FUTURE_PROMISE_ONLY",
        "value": 3
      }
    ],
    "credits": [
      {
        "id": "POLICY_IMPACT_ANALYSIS",
        "value": 4
      },
      {
        "id": "SELF_CRITICISM_OR_TRADE_OFF",
        "value": 1.5
      },
      {
        "id": "COMPARATIVE_EVALUATION",
        "value": 2.5
      }
    ],
    "modifiers": []
  },
  "url": "https://www.aitimes.com/news/articleView.html?idxno=204628",
  "source_id": "aitimes",
  "original_title": "전남도 '농업 AX 플랫폼' 본격화…핵심은 좋지만 과제도 분명",
  "crawled_at": "2025-12-09T06:59:30.301000+00:00",
  "edition": "251209_TUE_1"
}