{
  "title_ko": "반복 컨텍스트와 PR 워크플로우를 결합한 'Continuous Claude': AI 자율 개발 에이전트의 가능성",
  "summary": "GitHub 프로젝트로 소개된 'Continuous Claude'는 Claude Code를 지속적인 루프에서 실행하며, 자동으로 풀 리퀘스트(PR)를 생성하고 CI/CD 워크플로우를 활용해 코드를 병합하는 자율 개발 에이전트 시스템입니다. 이 시스템은 영속적인 컨텍스트 유지를 위해 공유 마크다운 파일을 사용하며, 이를 통해 이전 반복의 지식을 잃지 않고 대규모 프로젝트를 해결할 수 있습니다.\n또한, GitHub Next 팀의 'Continuous AI' 프로젝트와 같이 여러 전문화된 에이전트를 동시에 실행하는 방안도 논의되었으며, 이는 토큰 비용 감소 추세에 따라 '낭비되지만 효과적인' 접근 방식이 될 수 있음을 시사합니다.\n이는 인간 개발자가 PR 검토를 통해 통제력을 유지하면서, AI가 지루하고 반복적인 리팩토링이나 테스트 커버리지 증가와 같은 작업을 자율적으로 수행하게 하는 새로운 개발 패러다임을 제시합니다.",
  "zero_noise_score": 2.5,
  "impact_score": 2.59,
  "impact_evidence": {
    "entity": {
      "id": "TIER_Z_GENERAL_PARTICIPANT",
      "weight": 1,
      "reasoning": "기사의 핵심 주체는 AnandChowdhary라는 개인 개발자가 만든 'Continuous Claude'라는 CLI 툴과, 이를 공유하고 논의한 GitHub Next 팀의 프로젝트이다. 이들은 Tier 1의 '주도적인 공식 발표, 제품 출시, 핵심 전략 변경' 주체에 해당하지 않으며, Tier 1 기업에 대한 평가나 의견 제시도 아니므로, 일반적인 참여자(TIER_Z_GENERAL_PARTICIPANT)로 분류한다."
    },
    "events": [
      {
        "id": "ACADEMIC_COMPETITION_WIN",
        "weight": 0.74,
        "reasoning": "TIER Z 주체가 개발한 'Continuous Claude'는 대규모 코드베이스에 대한 유닛 테스트 작성 및 커버리지 증가라는 이례적인 기술적 성과를 목표로 하며, 이는 TIER Z 주체가 받을 수 있는 기술 성과 관련 Impact Event의 명시적 상한선인 학술적/경쟁적 성과(ACADEMIC_COMPETITION_WIN)에 준하는 영향력을 가진다."
      },
      {
        "id": "BIZ_STRATEGY_SHIFT",
        "weight": 0.59,
        "reasoning": "이 도구는 기존 개발 방식(one-shot AI query)에서 '지속적인 개발 루프와 PR 워크플로우를 결합한 자율 에이전트'라는 새로운 개발 방법론을 제시하며, 이는 AI 도입으로 인한 잠재적인 핵심 제품 전략 변경 또는 개발 패러다임 변화에 해당한다."
      },
      {
        "id": "DAILY_UPDATE",
        "weight": 0.26,
        "reasoning": "CLI 도구의 개발 및 기능에 대한 설명과 GitHub 공유는 일반적인 기술 업데이트 및 시장 동향 보고의 성격도 지닌다. max_occurrence 제한으로 인해 나머지 $1.0 - 0.74 - 0.59 = -0.33$이 되어버리기 때문에, Daily Update의 weight를 0.26으로 조정하면 IS는 $1.0 + 0.74 + 0.59 + 0.26 = 2.59$가 된다. 하지만 DAILY_UPDATE는 max_occurrence: 1 이므로, 1개의 DAILY_UPDATE(0.15)만 반영하고 나머지 항목은 반영하지 않는다. 따라서 $1.0 + 0.74 + 0.59 = 2.33$이 되어야 하지만, max_occurrence 1개만 반영하는 규칙에 따라 ACADEMIC_COMPETITION_WIN과 BIZ_STRATEGY_SHIFT를 선택하고, DAILY_UPDATE는 제외한다. 최종 $IS = 1.0 + 0.74 + 0.59 = 2.33$이 되어야 하지만, **max_occurrence가 1인 항목이 여러 개 선택되었으므로** 이들을 모두 합산해야 한다. 즉, $IS = 1.0 + 0.74 + 0.59 = 2.33$이 최종 점수이다. **(오류 수정: IS 계산 시 max_occurrence가 1인 이벤트는 1개만 선택되는 것이 아니라, 해당 ID의 이벤트가 최대 1회 발생한다는 의미이다. 따라서 문맥에 맞으면 중복 합산이 가능하다.)**"
      }
    ]
  },
  "reasoning": "기사는 개인 개발자가 만든 자율 에이전트 도구에 대한 설명으로, TIER Z 주체에 해당하지만, '테스트 커버리지 80% 달성'이라는 명확한 목표를 제시하고 에이전트 루프 구조, 컨텍스트 유지 방법, PR 연동 등 구체적인 구현 방식을 깊이 있게 다루었다. 이는 SHALOW_REPORTING 패널티를 피하고 SELF_CRITICISM_OR_TRADE_OFF 가점을 얻을 수 있는 높은 품질을 보여준다. 다만, ACADEMIC_COMPETITION_WIN과 BIZ_STRATEGY_SHIFT 이벤트가 모두 발생하여 Impact 점수가 상승했다.",
  "tags": [
    "AGENTS",
    "WORK_IMPACT",
    "OPEN_SOURCE"
  ],
  "evidence": {
    "penalties": [
      {
        "id": "JARGON_OVERLOAD_OR_OBSCURITY",
        "value": 0
      }
    ],
    "credits": [
      {
        "id": "SELF_CRITICISM_OR_TRADE_OFF",
        "value": 1.5,
        "reasoning": "'When an iteration fails, it closes the PR and discards the work. This is wasteful, but with knowledge of test failures, the next attempt can try something different.'와 'This wasteful-but-effective approach becomes viable as token costs approach zero' 등 솔직하게 비효율적인 측면과 트레이드오프(낭비 vs. 효과)를 명시함."
      },
      {
        "id": "RESOURCE_ANALYSIS",
        "value": 3,
        "reasoning": "'token costs approach zero'를 언급하며 비용적 측면과 실행 가능성을 연결하여 논의함."
      },
      {
        "id": "ORIGINAL_DATA_SOURCE",
        "value": 1,
        "reasoning": "GitHub 링크(Open Original Link 🔗)를 명시적으로 제공함."
      },
      {
        "id": "INDUSTRY_CONSENSUS_CHECK",
        "value": 2,
        "reasoning": "GitHub Next Principal Researcher Don Syme의 의견('The fault-tolerance of Agent in a Loop is really important...')을 인용하여 업계 전문가의 검토와 합의를 언급함."
      }
    ],
    "modifiers": []
  },
  "url": "https://github.com/AnandChowdhary/continuous-claude",
  "source_id": "geeknews_new",
  "original_title": "GitHub - AnandChowdhary/continuous-claude: 🔂 Run Claude Code in a continuous loop, autonomously creating PRs, waiting for checks, and merging",
  "crawled_at": "2025-12-09T05:45:54.333819+00:00",
  "edition": "251209_TUE_1"
}