{
  "title_ko": "AI 스타트업 Mitti, 탄소배출권 기반으로 기후 변화와 싸우는 인도 벼농사 농민 지원 전략 공개",
  "summary": "뉴욕 기반 AI 스타트업 Mitti Labs는 인공지능 모델을 활용해 벼농사에서 발생하는 메탄 배출량을 측정하고, 이를 바탕으로 농민들에게 친환경 영농 관행을 교육하고 있습니다. Mitti는 특히 비영리단체 The Nature Conservancy와의 독점 파트너십을 통해 인도 현지 농민들에게 재생 농업 기술을 보급하고 있으며, 자사의 측정·보고·검증(MRV) 소프트웨어를 SaaS 솔루션으로 확장하여 타 개발사에도 제공할 계획입니다. 이러한 파트너십 전략을 통해 벤처 캐피털의 기피 대상이었던 고난이도 현장 프로젝트에 대한 자금 조달을 성공적으로 진행하고 있으며, 농민들은 탄소 배출권 판매 수익으로 순이익을 약 15% 개선하는 실질적인 효과를 얻고 있습니다.",
  "zero_noise_score": 3.0,
  "impact_score": 2.24,
  "impact_evidence": {
    "entity": {
      "id": "TIER_Z_GENERAL_PARTICIPANT",
      "weight": 1,
      "reasoning": "기사의 핵심 주체는 AI 스타트업인 Mitti Labs이며, 이는 프로필의 TIER_Z_GENERAL_PARTICIPANT(일반 참여자)에 해당한다. TIER 1/2/3의 기준에 명확히 부합하지 않는다."
    },
    "events": [
      {
        "id": "BIZ_STRATEGY_SHIFT",
        "weight": 0.59,
        "reasoning": "Mitti가 The Nature Conservancy와의 파트너십을 통해 현장 접근성을 확보하고 AI-MRV(측정/보고/검증) 소프트웨어를 SaaS로 확장하는 것은 핵심 사업 전략의 변화(파트너십/SaaS 확장)로 볼 수 있다."
      },
      {
        "id": "ACADEMIC_COMPETITION_WIN",
        "weight": 0.74,
        "reasoning": "Mitti와 유사한 MRV/탄소 포집 분야의 Mati Carbon이 Xprize Carbon Grand Prize를 수상했다는 언급이 있어, TIER Z 주체가 받을 수 있는 기술적 성과 가중치(ACADEMIC_COMPETITION_WIN)를 적용한다."
      }
    ]
  },
  "reasoning": "스타트업 주체의 AI 기술 적용 사례와 전략적 파트너십을 다룬 기사로, 영향력 점수는 낮지만(IS 2.24) 구체적인 기술적 배경(메탄/습지/위성 데이터)과 사업 모델(MRV, 탄소 배출권)을 심층적으로 분석하여 높은 품질 점수(V 7.0, ZS 3.0)를 얻었다. 특히 기술의 한계와 트레이드오프를 투명하게 공개하는 요소가 포함되어 긍정적으로 평가되었다.",
  "tags": [
    "GEN_AI",
    "BIZ_STRATEGY",
    "REGULATION"
  ],
  "evidence": {
    "penalties": [
      {
        "id": "PRESS_RELEASE_TONE",
        "value": 1.25
      }
    ],
    "credits": [
      {
        "id": "RESOURCE_ANALYSIS",
        "value": 3
      },
      {
        "id": "SELF_CRITICISM_OR_TRADE_OFF",
        "value": 1.5
      },
      {
        "id": "ORIGINAL_DATA_SOURCE",
        "value": 0.5
      }
    ],
    "modifiers": []
  },
  "url": "https://techcrunch.com/2025/08/26/how-one-ai-startup-is-helping-rice-farmers-battle-climate-change/",
  "source_id": "techcrunch_ai",
  "original_title": "Exclusive: How one AI startup is helping rice farmers battle climate change | TechCrunch",
  "crawled_at": "2025-12-09T07:25:56.560644+00:00",
  "edition": "251209_TUE_1"
}