{
  "title_ko": "AI 디자인 시대의 창업: 소규모 사업자가 더 빠르고 강력한 브랜드 구축하는 방법",
  "summary": "생성형 AI의 등장으로 디자인 프로세스가 혁신되며, 소규모 사업자들이 초기부터 브랜드 아이덴티티를 신속하게 구축할 수 있게 되었습니다. 'AI 로고 생성기', 'AI 웹사이트 생성기' 등 관련 검색량이 급증하는 것은 기업 규모에 관계없이 AI 디자인 도구가 대규모로 채택되고 있음을 보여줍니다. Design.com의 CEO는 AI가 창의성을 대체하는 것이 아니라, 창업자들이 아이디어를 즉시 현실화할 자신감을 주고 있다고 설명하며, AI 기반 디자인이 명명부터 웹사이트 구축, 프레젠테이션 제작에 이르는 전 과정에 걸쳐 전략적 사고를 돕는다고 강조합니다.",
  "zero_noise_score": 5.7,
  "impact_score": 1.74,
  "impact_evidence": {
    "entity": {
      "id": "TIER_Z_GENERAL_PARTICIPANT",
      "weight": 1,
      "reasoning": "기사의 핵심 주체는 Design.com의 CEO인 Alec Lynch이지만, Design.com은 TIER 1 또는 TIER 2에 해당하지 않는 일반 기업 및 스타트업으로 간주되며, 그의 발언은 TIER 1 기업의 공식 발표가 아닌 AI 디자인 도구 시장 전반에 대한 의견 제시로 분류되므로 TIER_Z_GENERAL_PARTICIPANT를 적용함."
    },
    "events": [
      {
        "id": "BIZ_STRATEGY_SHIFT",
        "weight": 0.59,
        "reasoning": "AI 도구의 광범위한 채택이 소규모 사업자들의 브랜드 구축 전략과 프로세스에 근본적인 변화를 가져오고 있다는 점을 다루고 있어 BIZ_STRATEGY_SHIFT를 적용함."
      },
      {
        "id": "DAILY_UPDATE",
        "weight": 0.15,
        "reasoning": "AI 디자인 도구의 사용 증가 및 시장 동향을 보고하는 내용이 주를 이루고 있어 DAILY_UPDATE를 추가로 적용함."
      }
    ]
  },
  "reasoning": "기사는 소규모 사업자의 AI 디자인 도구 채택이라는 흥미로운 시장 동향을 다루지만, 실체적인 객관적 비교 데이터나 학술적 근거 없이 주로 Design.com CEO의 인터뷰와 미래 전망에 의존하여 품질 점수(Quality Score)가 크게 상승하지 못했으며, 핵심 주체가 TIER Z에 해당하여 영향력 점수(Impact Score)는 낮게 산출됨. (V_initial: 5.0, Credits: 0.0, Penalties: -0.7, V_final: 4.3, ZS: 5.7. IS: 1.0 + 0.59 + 0.15 = 1.74)",
  "tags": [
    "GEN_AI",
    "BIZ_STRATEGY",
    "WORK_IMPACT"
  ],
  "evidence": {
    "penalties": [
      {
        "id": "FUTURE_PROMISE_ONLY",
        "value": 3
      }
    ],
    "credits": [],
    "modifiers": []
  },
  "url": "https://venturebeat.com/ai/design-in-the-age-of-ai-how-small-businesses-are-building-big-brands-faster",
  "source_id": "venturebeat",
  "original_title": "Design in the age of AI: How small businesses are building big brands faster",
  "crawled_at": "2025-12-09T07:31:00.233712+00:00",
  "edition": "251209_TUE_1"
}