{
  "title_ko": "구글, 멀티모달 최강 '제미나이 3' 공개 및 AI 검색·이미지 생성·에이전트 플랫폼 대규모 업데이트",
  "summary": "구글은 새로운 지능 시대의 AI인 '제미나이 3'를 발표하며, 멀티모달 이해 능력과 에이전트 기능을 강화했다고 밝혔다. 이 모델은 구글 검색의 AI 모드에 즉시 통합되어 지능적인 검색 경험을 제공하며, '나노 바나나 프로'라는 새로운 고화질 이미지 생성 모델의 기반이 되었다. 또한, 개발자들이 AI 기반 코딩 경험을 할 수 있도록 자율적으로 작업을 계획하고 실행하는 새로운 에이전트 개발 플랫폼 '구글 안티그래비티'를 공개했다.",
  "zero_noise_score": 7.5,
  "impact_score": 6.77,
  "impact_evidence": {
    "entity": {
      "id": "TIER_1_ECOSYSTEM_RULERS",
      "weight": 5,
      "reasoning": "기사의 주체는 Google이며, 'Gemini 3', 'Nano Banana Pro', 'Google Antigravity' 등 **주도적인 공식 발표 및 핵심 제품 출시**를 다루고 있으므로 TIER 1 가중치를 적용한다."
    },
    "events": [
      {
        "id": "PARADIGM_SHIFT_TECH",
        "weight": 1.18,
        "reasoning": "TIER 1 주체가 멀티모달 이해 능력이 세계 최고 수준이라고 주장하는 'Gemini 3' 모델을 공식 출시했으므로, 패러다임 변화급 기술 발표로 인정한다."
      },
      {
        "id": "BIZ_STRATEGY_SHIFT",
        "weight": 0.59,
        "reasoning": "Gemini 3를 구글 검색의 AI 모드에 즉시 통합하고, 개발자용 에이전트 플랫폼 'Antigravity'를 도입하는 등 **핵심 제품 전략의 변경 및 확장**이 명확히 드러난다."
      }
    ]
  },
  "reasoning": "TIER 1 주체(Google)의 핵심 AI 제품(Gemini 3) 및 전략(Search, Agent Platform) 발표를 다루어 영향력(IS: 6.77)은 매우 높다. 그러나 기사 내용이 **자사의 성과를 나열하고 홍보하는 보도자료 톤**이 강하고, 객관적인 비교 평가나 기술적 한계를 제시하지 않아 품질(ZS: 7.5)은 낮게 산출되었다.",
  "tags": [
    "LLM",
    "GEN_AI",
    "AGENTS"
  ],
  "evidence": {
    "penalties": [
      {
        "id": "PRESS_RELEASE_TONE",
        "value": 1.25
      },
      {
        "id": "SHALLOW_REPORTING",
        "value": 1
      },
      {
        "id": "JARGON_OVERLOAD_OR_OBSCURITY",
        "value": 0.75
      }
    ],
    "credits": [
      {
        "id": "ORIGINAL_DATA_SOURCE",
        "value": 0.5
      }
    ],
    "modifiers": []
  },
  "url": "https://blog.google/technology/ai/google-ai-updates-november-2025/",
  "source_id": "google_ai_blog",
  "original_title": "The latest AI news we announced in November",
  "crawled_at": "2025-12-09T07:43:54.035912+00:00",
  "edition": "251209_TUE_1"
}