{
  "title_ko": "다이퀘스트, 생성 AI 기반 '재난 심리회복 플랫폼' 실증 완료: 공공 심리지원 혁신 예고",
  "summary": "AI 전문 기업 다이퀘스트는 행정안전부 주관 연구과제를 통해 개발 중인 '생성 AI 재난 심리회복 플랫폼'의 사용자 실증을 완료하고 상용화를 준비 중이다.\n이 플랫폼은 생성 AI와 디지털휴먼, 멀티모달 분석 기술을 활용하여 표정과 음성이 자연스러운 AI 상담 장면을 구현하고, 텍스트/음성/영상 데이터를 종합 분석하여 심리 진단의 정확도를 높였다.\n다이퀘스트는 이번 성과가 공공 심리지원 분야에서 생성 AI 기술의 실질적인 도움을 입증한 것이며, 향후 기술을 공공, 의료, 안전 등 다양한 분야로 확대할 계획임을 밝혔다.",
  "zero_noise_score": 6.8,
  "impact_score": 2.24,
  "impact_evidence": {
    "entity": {
      "id": "TIER_Z_GENERAL_PARTICIPANT",
      "weight": 1,
      "reasoning": "기사의 주체는 AI 전문 기업인 다이퀘스트와 협업 기관들이다. 이는 TIER 1~4에 해당하지 않는 일반 기업 및 연구팀으로 분류된다."
    },
    "events": [
      {
        "id": "ACADEMIC_COMPETITION_WIN",
        "weight": 0.74,
        "reasoning": "재난 심리회복 플랫폼 개발은 행정안전부 주관의 4개년 연구과제를 통한 성과로, TIER Z 주체가 달성한 권위 있는 학술적/연구적 성과에 해당한다."
      },
      {
        "id": "BIZ_STRATEGY_SHIFT",
        "weight": 0.59,
        "reasoning": "AI 기술(디지털휴먼 상담 기술)을 공공, 의료, 안전 등 분야로 확대하겠다는 이사의 발언은 핵심 제품 전략의 변경 및 사업 분야 확장에 해당한다."
      }
    ]
  },
  "reasoning": "AI 기술을 공공 심리지원 분야에 적용한 구체적 성과를 다루고 있으며, 단순한 추측이 아닌 실증 완료 사실을 기반으로 하고 있어 품질 점수가 높게 산출되었습니다. 하지만 주체는 일반 참여자(TIER Z)에 해당하며, 사건의 파급력도 혁신적 기술 발표(PARADIGM_SHIFT_TECH)의 상한선이 적용되어 총 영향력 점수는 중간 수준입니다.",
  "tags": [
    "GEN_AI",
    "WORK_IMPACT",
    "BIZ_STRATEGY"
  ],
  "evidence": {
    "penalties": [
      {
        "id": "PRESS_RELEASE_TONE",
        "value": 2.5
      }
    ],
    "credits": [
      {
        "id": "SELF_CRITICISM_OR_TRADE_OFF",
        "value": 1.5
      }
    ],
    "modifiers": []
  },
  "url": "https://www.aitimes.com/news/articleView.html?idxno=204640",
  "source_id": "aitimes",
  "original_title": "다이퀘스트, ‘AI 재난 심리회복 플랫폼’ 사용자 실증 완료",
  "crawled_at": "2025-12-09T06:59:13.165004+00:00",
  "edition": "251209_TUE_1"
}