{
  "title_ko": "에너지 전환 시대 협력 플랫폼 입증: 한전 'BIXPO 2025', 5,360만 달러 수출계약 성과 거두며 폐막",
  "summary": "대한민국 최대 전력·에너지 산업 박람회인 'BIXPO 2025'가 광주 김대중컨벤션센터에서 사흘간 2만2천여 명의 참여 속에 성공적으로 개최되었습니다. 한국전력 주최로 열린 이번 행사에서는 166개 국내외 기관의 신기술 전시와 AI 트렌드를 다루는 국제컨퍼런스가 진행되었습니다. 특히, 7개국 17개 해외 바이어와의 상담을 통해 5,360만 달러 규모의 수출계약 및 MOU가 체결되는 등 산업 협력과 해외 진출의 발판을 마련했습니다.",
  "zero_noise_score": 7.5,
  "impact_score": 1.5,
  "impact_evidence": {
    "entity": {
      "id": "TIER_Z_GENERAL_PARTICIPANT",
      "weight": 1,
      "reasoning": "기사의 주요 주체는 '한국전력(KEPCO)'이 주최한 'BIXPO 2025' 행사 및 행사를 통해 협력한 국내외 기업들이다. 한국전력은 TIER 1 또는 TIER 2에 해당하지 않으며, AI 분야의 혁신을 선도하는 글로벌 빅테크도 아니므로 TIER Z에 해당한다. (TIER Z/4 주체의 기술 성과는 ACADEMIC_COMPETITION_WIN을 상한선으로 둔다.)"
    },
    "events": [
      {
        "id": "BIZ_STRATEGY_SHIFT",
        "weight": 0.59,
        "reasoning": "BIXPO 2025의 '에너지로 연결하다' 주제 아래, 에너지 전환 시대의 산업 구조 변화를 조명하고, 수출 계약 및 MOU 체결($53.6M) 등 구체적인 비즈니스 협력 성과가 도출되어 기업 성장 발판을 마련했다는 내용이 핵심이므로, 이는 기업 전략 변화 및 실행과 관련이 있다."
      }
    ]
  },
  "reasoning": "본 기사는 한국전력 주최의 'BIXPO 2025' 박람회 성과를 다루는 기사로, 주최 주체는 TIER Z에 해당하지만(Impact 1.0), 수출계약 및 MOU 성과(0.59)가 도출되어 Impact Score가 소폭 상승했다(1.59, Clamp 1.5). 기사 내용이 단순히 행사 성과를 나열하고(SHALLOW_REPORTING -2.0), 주최 측의 '지속가능한 에너지 생태계 구축과 글로벌 에너지 플랫폼 기업으로의 도약'과 같은 보도자료 톤(-2.5)이 감지되어 Quality Score가 하락했다. (ZS: 5.0 + 0 - 4.5 = 0.5, 10 - 0.5 = 9.5 -> *재검토 후 정정: 5.0 + 0 - 4.5 = 0.5 -> Clamp 0.0 -> ZS 10.0*). **최종 검토 결과: $V$가 0.0으로 Clamping되므로 $ZS$는 10.0이 된다. (재계산 오류 수정: 아래 'evidence' 필드의 value 값 합산 오류로 재계산)**",
  "tags": [
    "BIZ_STRATEGY",
    "WORK_IMPACT"
  ],
  "evidence": {
    "penalties": [
      {
        "id": "PRESS_RELEASE_TONE",
        "value": 2.5
      },
      {
        "id": "SHALLOW_REPORTING",
        "value": 2
      }
    ],
    "credits": [],
    "modifiers": []
  },
  "url": "https://www.aitimes.com/news/articleView.html?idxno=204125",
  "source_id": "aitimes",
  "original_title": "에너지 혁신 전시한 'BIXPO 2025', 광주서 2만2천명 모이며 성료",
  "crawled_at": "2025-12-09T06:58:02.275346+00:00",
  "edition": "251209_TUE_1"
}