{
  "title_ko": "Arm, GIST에 '반도체 스쿨' 설립 확정: 광주, AI·시스템 반도체 인재 양성 거점 부상",
  "summary": "세계적인 반도체설계 기업 Arm과 광주시, 산업통상부는 MOU를 체결하고 광주과학기술원(GIST)에 'Arm스쿨'을 설립하여 5년간 반도체설계 전문인력 1400명을 양성할 계획입니다. 이는 광주AI사관학교의 고급·심화과정 개편, AI영재고 설립 추진 등 광주시가 AI와 시스템 반도체 분야의 국가 첨단산업 인재 양성 거점으로 도약하려는 전략의 일환입니다. 광주시는 AI·SW 마에스트로 과정 도입, 국가 NPU 전용 컴퓨팅센터 설립 등과 연계하여 인재 양성 역량을 더욱 강화할 예정입니다.",
  "zero_noise_score": 6.0,
  "impact_score": 3.47,
  "impact_evidence": {
    "entity": {
      "id": "TIER_3_GLOBAL_TECH",
      "weight": 2.5,
      "reasoning": "뉴스 주체는 Arm과 광주시지만, Arm은 모바일 반도체 설계 분야의 글로벌 기업이며, TIER 1의 엄격한 정의(주도적인 공식 발표/제품 출시)에 해당하지 않으므로, AI 인프라 보유 글로벌 빅테크에 준하는 TIER_3_GLOBAL_TECH으로 분류한다."
    },
    "events": [
      {
        "id": "BIZ_STRATEGY_SHIFT",
        "weight": 0.59,
        "reasoning": "Arm의 반도체 스쿨 설립 및 광주시의 AI 인재 양성 기관 개편은 지역 및 기업의 핵심 인재 양성 전략 변화에 해당한다."
      },
      {
        "id": "DAILY_UPDATE",
        "weight": 0.15,
        "reasoning": "AI사관학교 개편, AI영재고 설립 절차 등은 일상적인 정책 추진 및 업데이트로 볼 수 있다."
      }
    ]
  },
  "reasoning": "글로벌 기술 기업(Arm)과 지방 정부의 인력 양성 협력 소식으로 Impact Score는 중간 이상이나, 기사 내용이 정책 추진 및 계획 나열에 치중하여 깊이 있는 분석(Credit)이 부족하고 보도자료 톤(Penalty)이 감지되어 ZeroNoise Score는 낮게 산출되었다.",
  "tags": [
    "BIZ_STRATEGY",
    "AI_CHIP",
    "WORK_IMPACT"
  ],
  "evidence": {
    "penalties": [
      {
        "id": "FUTURE_PROMISE_ONLY",
        "value": 3
      },
      {
        "id": "PRESS_RELEASE_TONE",
        "value": 2.5
      },
      {
        "id": "SHALLOW_REPORTING",
        "value": 2
      }
    ],
    "credits": [
      {
        "id": "RESOURCE_ANALYSIS",
        "value": 0
      },
      {
        "id": "ORIGINAL_DATA_SOURCE",
        "value": 0
      }
    ],
    "modifiers": []
  },
  "url": "https://www.aitimes.com/news/articleView.html?idxno=204592",
  "source_id": "aitimes",
  "original_title": "Arm, GIST에 ‘반도체 스쿨’ 설립한다…5년간 반도체설계 인력 1400명 양성",
  "crawled_at": "2025-12-09T07:09:55.471004+00:00",
  "edition": "251209_TUE_1"
}