{
  "title_ko": "인기 유튜버의 휴머노이드 폭행 사건, '로봇 인플루언서' 잠재적 수익 손실 배상 요구 소송의 선례가 될까?",
  "summary": "인기 휴머노이드 로봇 인플루언서 리즈봇의 제작사가 유명 스트리머 아이쇼스피드를 상대로 폭행에 의한 전손 피해 및 이에 따른 수익 손실에 대한 손해배상 소송을 제기했습니다.\n소장에서 스피드의 고의적인 공격 행위로 리즈봇의 기능이 완전히 상실되었으며, 이로 인해 수많은 고수익 콘텐츠 제작 기회가 무산되었다고 주장했습니다.\n이번 소송은 로봇을 단순한 재물이 아닌 경제적 주체로 보고 법적 책임을 묻는 선례가 될 가능성이 높아, AI/로봇 관련 법적 논의에 큰 영향을 줄 것으로 분석됩니다.",
  "zero_noise_score": 7.5,
  "impact_score": 2.24,
  "impact_evidence": {
    "entity": {
      "id": "TIER_Z_GENERAL_PARTICIPANT",
      "weight": 1,
      "reasoning": "기사의 주요 주체는 휴머노이드 제작사인 '소셜 로보틱스'와 스트리머 '아이쇼스피드'이며, 이들은 규칙에 명시된 TIER 1~4에 해당하지 않는 일반 기업 및 개인으로 분류되어 TIER_Z_GENERAL_PARTICIPANT가 가장 적합하다."
    },
    "events": [
      {
        "id": "ACADEMIC_COMPETITION_WIN",
        "weight": 0.74,
        "reasoning": "로봇 폭행이라는 사건 자체가 기술 성과는 아니지만, TIER Z 주체에 대한 기사이면서, 로봇의 경제적 주체성이라는 법적 선례를 만들 가능성이 있다는 점에서, TIER Z 주체가 받을 수 있는 최고 Impact Event인 ACADEMIC_COMPETITION_WIN의 가중치로 상한선을 설정하여 기술적 파급 효과가 아닌 '선례적 중요성'에 대한 가점을 부여하는 것으로 해석한다."
      },
      {
        "id": "DAILY_UPDATE",
        "weight": 0.15,
        "reasoning": "단순 폭행 사건의 경과와 로봇의 상태 변화는 일상적 사건 보고의 성격도 지니고 있으므로, DAILY_UPDATE 항목을 추가한다."
      },
      {
        "id": "BIZ_STRATEGY_SHIFT",
        "weight": 0.59,
        "reasoning": "로봇 파손으로 인한 콘텐츠 제작 중단과 고수익 기회 무산 등, AI 인플루언서라는 비즈니스 모델에 직접적인 타격을 주었으며 이는 전략적/경제적 변화를 야기하는 사건으로 볼 수 있다."
      }
    ]
  },
  "reasoning": "기사는 로봇 폭행 사건을 다루면서도, 로봇의 '경제적 주체성'과 법적 선례 가능성을 언급하여 단순한 이슈 보도를 넘어선 심도 있는 논의의 여지를 제공했습니다. 그러나 해당 논의가 깊이 있는 분석(Credit) 없이 단순히 가능성만 제시(Penalty)하고, 본질적으로 폭행 사건의 세부 사항에 초점을 맞춘 점이 품질 점수를 하락시켰습니다. 주체가 TIER Z이므로 Impact Score는 낮게 산출되었습니다.",
  "tags": [
    "AI_ETHICS",
    "REGULATION",
    "WORK_IMPACT"
  ],
  "evidence": {
    "penalties": [
      {
        "id": "FUTURE_PROMISE_ONLY",
        "value": 3
      },
      {
        "id": "SHALLOW_REPORTING",
        "value": 2
      }
    ],
    "credits": [
      {
        "id": "SELF_CRITICISM_OR_TRADE_OFF",
        "value": 1.5
      }
    ],
    "modifiers": []
  },
  "url": "https://www.aitimes.com/news/articleView.html?idxno=204596",
  "source_id": "aitimes",
  "original_title": "인기 유튜버가 휴머노이드에 폭력 휘둘러 소송...&quot;잠재수익까지 배상해야&quot;",
  "crawled_at": "2025-12-09T07:06:07.661510+00:00",
  "edition": "251209_TUE_1"
}