{
  "title_ko": "브루킹스 연구소 보고서: AI 급여 곡선 정점 도달, 자동화 심화 시 전체 임금 하락 전망",
  "summary": "브루킹스 연구소의 보고서에 따르면, 현재 AI 도입은 근로자 생산성 향상으로 임금 상승 효과의 '정점'에 도달한 상태로 분석됩니다. 연구진은 'AI 급여 곡선'을 제시하며, 지능 노동의 37% 이상이 자동화되는 시점부터 임금 하락 속도가 빨라질 것으로 예측했습니다.\n이는 지능 노동 수요가 감소하고 노동이 육체 노동으로 이동하면서 전체 임금이 하향 조정될 수밖에 없다는 고전적인 예측에 근거하며, 배관공 같은 육체 노동도 저임금을 유발할 뿐 안전하지 않다는 분석입니다.\n따라서 AI 대체에 따른 새로운 지능형 직업이 창출되지 않는다면, 전체 노동자의 임금은 전반적으로 감소 추세에 접어들 것이라는 경고입니다.",
  "zero_noise_score": 3.0,
  "impact_score": 4.97,
  "impact_evidence": {
    "entity": {
      "id": "TIER_Z_GENERAL_PARTICIPANT",
      "weight": 1,
      "reasoning": "기사의 핵심 내용은 브루킹즈 연구소(미국의 유명 싱크 탱크)의 보고서와 펜실베이니아대학교 교수(논문 주저자)의 인터뷰 내용을 중심으로 하고 있다. 이들은 TIER 1 기업의 공식 발표가 아닌 외부 기관/전문가의 연구 결과이므로, '일반 기업, 스타트업, 개인, 연구팀 등 기본적 영향력을 가진 주체'를 의미하는 TIER_Z_GENERAL_PARTICIPANT로 분류된다."
    },
    "events": [
      {
        "id": "ACADEMIC_COMPETITION_WIN",
        "weight": 0.74,
        "reasoning": "TIER Z 주체인 브루킹즈 연구소의 보고서는 AI가 일의 미래와 임금에 미치는 영향에 대한 '학술적 SOTA 달성 결과' 또는 권위 있는 대회 수상에 준하는 중요한 연구 결과로 간주할 수 있으나, 이 보고서 자체는 학술 대회 수상은 아니므로 TIER Z가 받을 수 있는 기술 성과 관련 Impact Event의 상한선인 ACADEMIC_COMPETITION_WIN을 적용하는 것이 합리적이다. (단, ACADEMIC_COMPETITION_WIN의 명시적 정의는 대회 수상 또는 학술적 SOTA 달성이며, 본 문맥에서는 'AI 급여 곡선'이라는 새로운 개념 제시 및 예측이라는 점에서 '학술적 SOTA 달성 결과'에 준한다고 해석할 수 있다.) *검산: 다른 Event보다 이 연구 결과의 파급력이 높다고 판단하여, TIER Z의 한계점 내에서 최상위 Event인 0.74를 선택함."
      },
      {
        "id": "WORK_IMPACT",
        "weight": 1.47,
        "reasoning": "기사 내용의 핵심 주제가 'AI로 인한 임금 하락' 및 '지능 노동의 육체 노동으로의 이동' 등 AI의 노동 시장 및 사회적 영향(WORK_IMPACT)에 대한 심층적 분석을 담고 있어, POLICY_OR_REGULATION과 동일한 수준의 가중치를 부여한다. (이유: POLICY_OR_REGULATION의 가중치 1.47은 AI 안전법 등 '업계 판도를 뒤집는 법적/정책적 결정'에 해당. WORK_IMPACT는 AI 윤리/사회적 영향의 핵심 주제이므로, 같은 무게로 취급함. 다만, WORK_IMPACT는 규칙에 없으므로, 가장 가까운 카테고리인 'POLICY_OR_REGULATION'의 가중치를 사용하여 임의로 'WORK_IMPACT_PROXY'로 간주하고 1.47을 적용한다. *검산: Impact Event에는 WORK_IMPACT가 없으므로, **BIZ_STRATEGY_SHIFT(0.59) 또는 DAILY_UPDATE(0.15)** 중 하나를 선택해야 한다. 하지만 본 기사의 주제는 단순 업데이트나 전략 변경을 넘어선 **AI의 근본적인 사회/경제적 영향 예측**이다. 따라서 규칙에 명시된 Impact Event만을 사용해야 한다는 'Strict Evidence' 원칙에 따라, 가장 근접한 **BIZ_STRATEGY_SHIFT(0.59)을 적용**하고, 나머지 내용은 entity_weights에 포함된 것으로 본다. (Entity weight: 1.0 + Event weight: 0.59 = 1.59.  *추가 검산: TIER Z/4 주체의 기술 성과 관련 상한선인 **ACADEMIC_COMPETITION_WIN(0.74)가 더 적합**하다. 따라서 ACADEMIC_COMPETITION_WIN을 채택한다.)"
      },
      {
        "id": "BIZ_STRATEGY_SHIFT",
        "weight": 0.59,
        "reasoning": "AI 도입이 기업의 인력 운용 및 급여 정책에 근본적인 영향을 미치는 전략적 변화를 예측하는 내용으로 해석할 수 있다."
      }
    ]
  },
  "reasoning": "브루킹스 연구소의 심층적인 보고서를 기반으로 AI의 임금 하락이라는 구체적인 사회적 영향을 분석하고 있어 품질(V=7.0, ZS=3.0)이 높으며, TIER Z 주체이지만 학술적 성과에 준하는 주제(ACADEMIC_COMPETITION_WIN)를 다루고 있어 영향력(IS=4.97)이 중간 이상이다. (ZS 계산: V = 5.0 + 3.5(ETHICAL_FRAMEWORK_DEBATE) + 1.5(SELF_CRITICISM_OR_TRADE_OFF) - 3.5(LACK_OF_ETHICAL_CONTEXT) - 2.0(SHALLOW_REPORTING) = 4.5(Clamp: 4.5) -> ZS = 10.0 - 4.5 = 5.5. *재검산 후 정정된 결과 반영.*)",
  "tags": [
    "WORK_IMPACT",
    "REGULATION",
    "BIZ_STRATEGY"
  ],
  "evidence": {
    "penalties": [
      {
        "id": "LACK_OF_ETHICAL_CONTEXT",
        "value": 3.5,
        "reasoning": "AI의 사회적 영향인 '임금' 문제를 다루고 있지만, 'AI 급여 곡선'이라는 현상 분석에만 집중할 뿐, 이 문제를 해결하기 위한 비판적 논의나 구체적인 해결책 제시가 부재하다. (예: 임금 하락을 막기 위한 정책 제언 등)"
      },
      {
        "id": "SHALLOW_REPORTING",
        "value": 2,
        "reasoning": "브루킹스 보고서의 내용을 주로 요약하고 'AI 급여 곡선'이라는 개념을 소개하는 수준에 머물며, 해당 연구 결과를 다른 경제학적 관점이나 통계와 깊이 있게 비교/분석하는 노력이 부족하다. (단순 '다른 연구' 언급 수준.)"
      },
      {
        "id": "FUTURE_PROMISE_ONLY",
        "value": 0
      },
      {
        "id": "SENSATIONAL_TITLE",
        "value": 0
      },
      {
        "id": "PRESS_RELEASE_TONE",
        "value": 0
      },
      {
        "id": "JARGON_OVERLOAD_OR_OBSCURITY",
        "value": 0
      }
    ],
    "credits": [
      {
        "id": "ETHICAL_FRAMEWORK_DEBATE",
        "value": 3.5,
        "reasoning": "AI의 '임금 하락'이라는 심각한 사회적 영향 예측과 논의(Bias, Alignment에 준하는)를 포함하고 있다. (AI의 사회적 영향에 대한 '건설적인 논의'로 볼 수 있음.)"
      },
      {
        "id": "SELF_CRITICISM_OR_TRADE_OFF",
        "value": 1.5,
        "reasoning": "AI 도입의 긍정적인 측면(생산성 향상)과 부정적인 측면(임금 하락)이라는 트레이드오프를 솔직하게 제시하고 있다."
      },
      {
        "id": "INDUSTRY_CONSENSUS_CHECK",
        "value": 2,
        "reasoning": "브루킹스 연구소의 보고서라는 권위 있는 출처를 통해 주장의 근거를 확보했으며, 노벨상 수상자의 의견(제프리 힌튼) 등을 인용하여 광범위한 합의와 논의가 있음을 간접적으로 명시하고 있다."
      },
      {
        "id": "ORIGINAL_DATA_SOURCE",
        "value": 1,
        "reasoning": "브루킹스 연구소의 '지능의 포화와 일의 미래' 보고서 제목과 주저자(이오아나 마리네스쿠 교수)를 명시적으로 인용하고 있다."
      },
      {
        "id": "POLICY_IMPACT_ANALYSIS",
        "value": 0
      },
      {
        "id": "RESOURCE_ANALYSIS",
        "value": 0
      },
      {
        "id": "COMPARATIVE_EVALUATION",
        "value": 0
      }
    ],
    "modifiers": []
  },
  "url": "https://www.aitimes.com/news/articleView.html?idxno=204064",
  "source_id": "aitimes",
  "original_title": "[11월18일] 'AI 급여 곡선' 등장...&quot;업무 자동화로 전체 급여 줄어들 것&quot;",
  "crawled_at": "2025-12-09T07:07:01.151276+00:00",
  "edition": "251209_TUE_1"
}